<project xmlns="http://www.netbeans.org/ns/project/1">
  <type>com.microchip.mplab.nbide.embedded.makeproject</type>
  <configuration>
    <data xmlns="http://www.netbeans.org/ns/make-project/1">
      <name>DC_Motor_Single_Direction_Drive</name>
      <creation-uuid>6e4b532c-1899-4106-b1ff-63e3ded0b362</creation-uuid>
      <make-project-type>0</make-project-type>
      <c-extensions>c</c-extensions>
      <cpp-extensions />
      <header-extensions>h</header-extensions>
      <asminc-extensions />
      <sourceEncoding>ISO-8859-1</sourceEncoding>
      <make-dep-projects />
    </data>
  </configuration>
</project>