<eagle version="6.1"><drawing><settings><setting alwaysvectorfont="no" verticaltext="up"/></settings><grid distance="0.1" unitdist="inch" unit="inch" style="lines" multiple="1" display="no" altdistance="0.01" altunitdist="inch" altunit="inch"/><layers><layer number="91" name="Nets" color="2" fill="1" visible="yes" active="yes"/><layer number="92" name="Busses" color="1" fill="1" visible="yes" active="yes"/><layer number="93" name="Pins" color="2" fill="1" visible="no" active="yes"/><layer number="94" name="Symbols" color="4" fill="1" visible="yes" active="yes"/><layer number="95" name="Names" color="7" fill="1" visible="yes" active="yes"/><layer number="96" name="Values" color="7" fill="1" visible="yes" active="yes"/><layer number="97" name="Info" color="7" fill="1" visible="yes" active="yes"/><layer number="98" name="Guide" color="6" fill="1" visible="yes" active="yes"/></layers><schematic><libraries><library name="AcceleratedDesigns_Lib"><packages><package name="CON4_1X4_UB_SFW"><pad name="1" drill="0" y="0" x="0"/><pad name="2" drill="0" y="3.6068" x="1"/><pad name="3" drill="0" y="0" x="2"/><pad name="4" drill="0" y="3.6068" x="3"/><pad name="5" drill="0" y="1.8034" x="-1.0019"/><pad name="6" drill="0" y="1.8034" x="4.0019"/></package></packages><symbols><symbol name="SFW4S-2STE1LF@1"><pin name="1@1" x="0" y="0" rot="MR180" direction="pas" length="middle" visible="pad" swaplevel="0"/><pin name="2@2" x="0" y="-2.54" rot="MR180" direction="pas" length="middle" visible="pad" swaplevel="0"/><pin name="3@3" x="0" y="-5.08" rot="MR180" direction="pas" length="middle" visible="pad" swaplevel="0"/><pin name="4@4" x="0" y="-7.62" rot="MR180" direction="pas" length="middle" visible="pad" swaplevel="0"/><pin name="5@5" x="0" y="-10.16" rot="MR180" direction="pas" length="middle" visible="pad" swaplevel="0"/><pin name="6@6" x="0" y="-12.7" rot="MR180" direction="pas" length="middle" visible="pad" swaplevel="0"/><wire x1="10.16" y1="0" x2="5.08" y2="0" width="0.127" layer="94"/><wire x1="10.16" y1="-2.54" x2="5.08" y2="-2.54" width="0.127" layer="94"/><wire x1="10.16" y1="-5.08" x2="5.08" y2="-5.08" width="0.127" layer="94"/><wire x1="10.16" y1="-7.62" x2="5.08" y2="-7.62" width="0.127" layer="94"/><wire x1="10.16" y1="-10.16" x2="5.08" y2="-10.16" width="0.127" layer="94"/><wire x1="10.16" y1="-12.7" x2="5.08" y2="-12.7" width="0.127" layer="94"/><wire x1="10.16" y1="0" x2="8.89" y2="0.84666582" width="0.127" layer="94"/><wire x1="10.16" y1="-2.54" x2="8.89" y2="-1.69333418" width="0.127" layer="94"/><wire x1="10.16" y1="-5.08" x2="8.89" y2="-4.23333418" width="0.127" layer="94"/><wire x1="10.16" y1="-7.62" x2="8.89" y2="-6.77333418" width="0.127" layer="94"/><wire x1="10.16" y1="-10.16" x2="8.89" y2="-9.31333418" width="0.127" layer="94"/><wire x1="10.16" y1="-12.7" x2="8.89" y2="-11.85333418" width="0.127" layer="94"/><wire x1="10.16" y1="0" x2="8.89" y2="-0.84666582" width="0.127" layer="94"/><wire x1="10.16" y1="-2.54" x2="8.89" y2="-3.38666582" width="0.127" layer="94"/><wire x1="10.16" y1="-5.08" x2="8.89" y2="-5.92666582" width="0.127" layer="94"/><wire x1="10.16" y1="-7.62" x2="8.89" y2="-8.46666582" width="0.127" layer="94"/><wire x1="10.16" y1="-10.16" x2="8.89" y2="-11.00666582" width="0.127" layer="94"/><wire x1="10.16" y1="-12.7" x2="8.89" y2="-13.54666582" width="0.127" layer="94"/><wire x1="5.08" y1="2.54" x2="5.08" y2="-15.24" width="0.127" layer="94"/><wire x1="5.08" y1="-15.24" x2="12.7" y2="-15.24" width="0.127" layer="94"/><wire x1="12.7" y1="-15.24" x2="12.7" y2="2.54" width="0.127" layer="94"/><wire x1="12.7" y1="2.54" x2="5.08" y2="2.54" width="0.127" layer="94"/><text size="2" x="8.89" y="6.35" layer="95" align="center">&gt;NAME</text></symbol></symbols><devicesets><deviceset name="SFW4S-2STE1LF" prefix="J"><gates><gate name="1" addlevel="always" y="0" x="0" symbol="SFW4S-2STE1LF@1"/></gates><devices><device name="SFW4S-2STE1LF" package="CON4_1X4_UB_SFW"><connects><connect pad="1" pin="1@1" gate="1"/><connect pad="2" pin="2@2" gate="1"/><connect pad="3" pin="3@3" gate="1"/><connect pad="4" pin="4@4" gate="1"/><connect pad="5" pin="5@5" gate="1"/><connect pad="6" pin="6@6" gate="1"/></connects><technologies><technology name=""><attribute name="Vendor" value="FCI" constant="no"/><attribute name="Manufacturer_Part_Number" value="SFW4S-2STE1LF" constant="no"/></technology></technologies></device></devices></deviceset></devicesets></library></libraries><attributes/><variantdefs/><classes><class number="0" name="default" width="0" drill="0"/></classes><parts/><sheets/></schematic></drawing></eagle>
