<?xml version="1.0" encoding="UTF-8"?>
<project-private xmlns="http://www.netbeans.org/ns/project-private/1">
    <editor-bookmarks xmlns="http://www.netbeans.org/ns/editor-bookmarks/1"/>
    <editor-bookmarks xmlns="http://www.netbeans.org/ns/editor-bookmarks/2" lastBookmarkId="1">
        <file>
            <url>PIC32/FSconfig.h</url>
            <bookmark id="1">
                <name/>
                <line>158</line>
                <key/>
            </bookmark>
        </file>
    </editor-bookmarks>
    <open-files xmlns="http://www.netbeans.org/ns/projectui-open-files/2">
        <group>
            <file>file:/C:/Users/Gautam%20Ramaswamy/Documents/Fall%202016/ECE%204760/4760-labs/PICBoy/PICBoy.X/MDD_sources/SD-SPI.c</file>
            <file>file:/C:/Users/Gautam%20Ramaswamy/Documents/Fall%202016/ECE%204760/4760-labs/PICBoy/PICBoy.X/PIC32/FSconfig.h</file>
            <file>file:/C:/Users/Gautam%20Ramaswamy/Documents/Fall%202016/ECE%204760/4760-labs/PICBoy/PICBoy.X/MDD_includes/FSIO.h</file>
            <file>file:/C:/Users/Gautam%20Ramaswamy/Documents/Fall%202016/ECE%204760/4760-labs/PICBoy/PICBoy.X/tft_gfx.h</file>
            <file>file:/C:/Users/Gautam%20Ramaswamy/Documents/Fall%202016/ECE%204760/4760-labs/PICBoy/PICBoy.X/MDD_includes/FSDefs.h</file>
            <file>file:/C:/Users/Gautam%20Ramaswamy/Documents/Fall%202016/ECE%204760/4760-labs/PICBoy/PICBoy.X/wav_helper.c</file>
            <file>file:/C:/Users/Gautam%20Ramaswamy/Documents/Fall%202016/ECE%204760/4760-labs/PICBoy/PICBoy.X/MDD_sources/FSIO.c</file>
            <file>file:/C:/Users/Gautam%20Ramaswamy/Documents/Fall%202016/ECE%204760/4760-labs/PICBoy/PICBoy.X/inputs.c</file>
            <file>file:/C:/Users/Gautam%20Ramaswamy/Documents/Fall%202016/ECE%204760/4760-labs/PICBoy/PICBoy.X/MDD_includes/SD-SPI.h</file>
            <file>file:/C:/Users/Gautam%20Ramaswamy/Documents/Fall%202016/ECE%204760/4760-labs/PICBoy/PICBoy.X/main.c</file>
            <file>file:/C:/Users/Gautam%20Ramaswamy/Documents/Fall%202016/ECE%204760/4760-labs/PICBoy/PICBoy.X/wav_helper.h</file>
            <file>file:/C:/Users/Gautam%20Ramaswamy/Documents/Fall%202016/ECE%204760/4760-labs/PICBoy/PICBoy.X/PIC32/HardwareProfile.h</file>
        </group>
    </open-files>
</project-private>
