<project xmlns="http://www.netbeans.org/ns/project/1">
  <type>com.microchip.mplab.nbide.embedded.makeproject</type>
  <configuration>
    <data xmlns="http://www.netbeans.org/ns/make-project/1">
      <name>EZ_Touch_Sensor</name>
      <creation-uuid>7e885824-7452-4de4-adf2-eede701cafcf</creation-uuid>
      <make-project-type>0</make-project-type>
      <c-extensions>c</c-extensions>
      <cpp-extensions />
      <header-extensions>h</header-extensions>
      <asminc-extensions />
      <sourceEncoding>ISO-8859-1</sourceEncoding>
      <make-dep-projects />
    </data>
  </configuration>
</project>