<configurationDescriptor version="62">
  <logicalFolder name="root" displayName="root" projectFiles="true">
    <logicalFolder name="HeaderFiles" displayName="Header Files" projectFiles="true">
      <logicalFolder name="f1" displayName="bsp" projectFiles="true">
        <itemPath>bsp/buttons.h</itemPath>
        <itemPath>bsp/leds.h</itemPath>
        <itemPath>bsp/timer_1ms.h</itemPath>
        <itemPath>bsp/rtcc.h</itemPath>
        <itemPath>bsp/lcd.h</itemPath>
        <itemPath>bsp/adc.h</itemPath>
      </logicalFolder>
      <itemPath>io_mapping.h</itemPath>
    </logicalFolder>
    <logicalFolder name="SourceFiles" displayName="Source Files" projectFiles="true">
      <logicalFolder name="f1" displayName="bsp" projectFiles="true">
        <itemPath>bsp/adc.c</itemPath>
        <itemPath>bsp/rtcc.c</itemPath>
        <itemPath>bsp/buttons.c</itemPath>
        <itemPath>bsp/lcd.c</itemPath>
        <itemPath>bsp/leds.c</itemPath>
        <itemPath>bsp/lcd_printf.c</itemPath>
        <itemPath>bsp/timer_1ms.c</itemPath>
      </logicalFolder>
      <itemPath>main.c</itemPath>
      <itemPath>system.c</itemPath>
    </logicalFolder>
    <logicalFolder name="ExternalFiles" displayName="Important Files" projectFiles="false">
      <itemPath>Makefile</itemPath>
    </logicalFolder>
  </logicalFolder>
  <sourceRootList></sourceRootList>
  <projectmakefile>Makefile</projectmakefile>
  <confs>
    <conf name="free" type="2">
      <toolsSet>
        <developmentServer>localhost</developmentServer>
        <targetDevice>PIC24F32KA304</targetDevice>
        <targetHeader></targetHeader>
        <targetPluginBoard></targetPluginBoard>
        <platformTool>PKOBSKDEPlatformTool</platformTool>
        <languageToolchain>XC16</languageToolchain>
        <languageToolchainVersion>1.26</languageToolchainVersion>
        <platform>3</platform>
      </toolsSet>
      <HI-TECH-COMP>
        <property key="operation-mode" value="free" />
        <property key="verbose" value="false" />
        <property key="warning-level" value="0" />
        <property key="optimization-speed" value="false" />
        <property key="optimization-debug" value="false" />
      </HI-TECH-COMP>
      <XC8-config-global>
        <property key="advanced-elf" value="true" />
        <property key="output-file-format" value="-mcof,+elf" />
        <property key="stack-size-high" value="auto" />
        <property key="stack-size-low" value="auto" />
        <property key="stack-size-main" value="auto" />
        <property key="stack-type" value="compiled" />
      </XC8-config-global>
      <PKOBSKDEPlatformTool>
        <property key="programoptions.uselvpprogramming" value="true" />
        <property key="programoptions.eraseb4program" value="true" />
      </PKOBSKDEPlatformTool>
      <PICkit3PlatformTool>
        <property key="poweroptions.powerenable" value="false" />
        <property key="voltagevalue" value="5.0" />
        <property key="programoptions.uselvpprogramming" value="false" />
      </PICkit3PlatformTool>
      <makeCustomizationType>
        <makeCustomizationPutChecksumInUserID>false</makeCustomizationPutChecksumInUserID>
      </makeCustomizationType>
      <C30>
        <property key="enable-all-warnings" value="true" />
        <property key="optimization-level" value="0" />
        <property key="isolate-each-function" value="true" />
        <property key="enable-short-double" value="true" />
        <property key="oXC16gcc-align-arr" value="true" />
        <property key="disable-instruction-scheduling" value="true" />
        <property key="keep-inline" value="false" />
      </C30>
      <HI-TECH-LINK>
        <property key="data-model-size-of-double-float" value="24 bit" />
      </HI-TECH-LINK>
      <C30Global>
        <property key="output-file-format" value="elf" />
        <property key="legacy-libc" value="true" />
      </C30Global>
      <C30-LD>
        <property key="additional-options-use-response-files" value="true" />
        <property key="remove-unused-sections" value="true" />
        <property key="report-memory-usage" value="true" />
        <property key="linker-stack" value="false" />
      </C30-LD>
    </conf>
    <conf name="pro" type="2">
      <toolsSet>
        <developmentServer>localhost</developmentServer>
        <targetDevice>PIC24F32KA304</targetDevice>
        <targetHeader></targetHeader>
        <targetPluginBoard></targetPluginBoard>
        <platformTool>PKOBSKDEPlatformTool</platformTool>
        <languageToolchain>XC16</languageToolchain>
        <languageToolchainVersion>1.26</languageToolchainVersion>
        <platform>3</platform>
      </toolsSet>
      <HI-TECH-COMP>
        <property key="operation-mode" value="pro" />
        <property key="verbose" value="false" />
        <property key="warning-level" value="0" />
        <property key="optimization-speed" value="false" />
        <property key="optimization-debug" value="false" />
      </HI-TECH-COMP>
      <XC8-config-global>
        <property key="advanced-elf" value="true" />
        <property key="output-file-format" value="-mcof,+elf" />
        <property key="stack-size-high" value="auto" />
        <property key="stack-size-low" value="auto" />
        <property key="stack-size-main" value="auto" />
        <property key="stack-type" value="compiled" />
      </XC8-config-global>
      <PKOBSKDEPlatformTool>
        <property key="programoptions.uselvpprogramming" value="true" />
        <property key="programoptions.eraseb4program" value="true" />
      </PKOBSKDEPlatformTool>
      <PICkit3PlatformTool>
        <property key="poweroptions.powerenable" value="false" />
        <property key="voltagevalue" value="5.0" />
        <property key="programoptions.uselvpprogramming" value="false" />
      </PICkit3PlatformTool>
      <makeCustomizationType>
        <makeCustomizationPutChecksumInUserID>false</makeCustomizationPutChecksumInUserID>
      </makeCustomizationType>
      <C30>
        <property key="enable-all-warnings" value="true" />
        <property key="optimization-level" value="0" />
        <property key="isolate-each-function" value="true" />
        <property key="enable-short-double" value="true" />
        <property key="oXC16gcc-align-arr" value="true" />
        <property key="disable-instruction-scheduling" value="true" />
        <property key="keep-inline" value="false" />
      </C30>
      <HI-TECH-LINK>
        <property key="data-model-size-of-double-float" value="24 bit" />
      </HI-TECH-LINK>
      <C30Global>
        <property key="output-file-format" value="elf" />
        <property key="legacy-libc" value="true" />
      </C30Global>
      <C30-LD>
        <property key="additional-options-use-response-files" value="true" />
        <property key="remove-unused-sections" value="true" />
        <property key="report-memory-usage" value="true" />
        <property key="linker-stack" value="false" />
      </C30-LD>
    </conf>
  </confs>
</configurationDescriptor>