<?xml version="1.0" encoding="UTF-8"?>
<project-private xmlns="http://www.netbeans.org/ns/project-private/1">
    <editor-bookmarks xmlns="http://www.netbeans.org/ns/editor-bookmarks/2" lastBookmarkId="0"/>
    <open-files xmlns="http://www.netbeans.org/ns/projectui-open-files/2">
        <group>
            <file>file:/D:/Dropbox/Projects/GraphicalLCD/GraphicalLCD.X/src/config/config.h</file>
            <file>file:/D:/Dropbox/Projects/GraphicalLCD/GraphicalLCD.X/src/drivers/glcd_128x64.c</file>
            <file>file:/D:/Dropbox/Projects/GraphicalLCD/GraphicalLCD.X/src/config/config.c</file>
            <file>file:/D:/Dropbox/Projects/GraphicalLCD/GraphicalLCD.X/src/drivers/glcd_128x64.h</file>
            <file>file:/D:/Dropbox/Projects/GraphicalLCD/GraphicalLCD.X/src/drivers/glcd_font.h</file>
            <file>file:/D:/Dropbox/Projects/GraphicalLCD/GraphicalLCD.X/src/app/main.c</file>
        </group>
    </open-files>
</project-private>
